apps/desktop/src/locale.ts	
packages/client/locale/src/locales/en.ts	common
packages/client/locale/src/locales/settings.ts	settings.locale
packages/client/ui-agent-preset/src/client/locales.ts	settings.agentPreset
packages/client/ui-approval/src/client/locales.ts	approval
packages/client/ui-chat/src/client/locale.ts	chat
packages/client/ui-commands/src/client/locales.ts	command
packages/client/ui-conversation/src/client/locales.ts	conversation
packages/client/ui-deliverables/src/client/locales.ts	deliverables
packages/client/ui-goal/src/client/locales.ts	goal
packages/client/ui-input-trigger/src/client/locales.ts	slash.menu
packages/client/ui-jobs/src/client/locales.ts	job
packages/client/ui-layout/src/client/shortcut-locales.ts	shortcuts.layout
packages/client/ui-message-feedback/src/client/locales.ts	feedback
packages/client/ui-model-selection/src/client/locales.ts	model
packages/client/ui-open-in-app/src/client/locales.ts	open-in-app
packages/client/ui-permission-presets/src/client/locales.ts	permission.access,settings.permission
packages/client/ui-plan/src/client/locales.ts	plan
packages/client/ui-plugin-manager/src/client/locales.ts	pluginManager
packages/client/ui-reference/src/client/locales.ts	reference
packages/client/ui-schedule/src/client/locales.ts	schedule.catalog,schedule.manager
packages/client/ui-schedule/src/client/task-manager-locales.ts	schedule.catalog,schedule.manager
packages/client/ui-settings-account/src/client/locales.ts	settings.account
packages/client/ui-settings-agent-loop/src/client/locales.ts	settings.agentLoop
packages/client/ui-settings-general/src/client/locales.ts	settings
packages/client/ui-settings-models/src/client/locales.ts	settings.models
packages/client/ui-settings-plugin-inventory/src/client/locales.ts	settings.pluginInventory
packages/client/ui-settings-plugins/src/client/locales.ts	settings.plugins
packages/client/ui-settings-shell/src/client/locales.ts	settings.shell
packages/client/ui-settings-subagent/src/client/locales.ts	settings.subagent
packages/client/ui-settings-web-search/src/client/locales.ts	settings.webSearch
packages/client/ui-shortcuts/src/client/locales.ts	shortcuts
packages/client/ui-sidebar-browser/src/client/locales.ts	sidebarBrowser
packages/client/ui-sidebar-documentpreview/src/client/code/locales.ts	ui-sidebar-documentpreview
packages/client/ui-sidebar-documentpreview/src/client/excel/locales.ts	ui-sidebar-documentpreview
packages/client/ui-sidebar-documentpreview/src/client/html/locales.ts	ui-sidebar-documentpreview
packages/client/ui-sidebar-documentpreview/src/client/image/locales.ts	ui-sidebar-documentpreview
packages/client/ui-sidebar-documentpreview/src/client/locales.ts	ui-sidebar-documentpreview
packages/client/ui-sidebar-documentpreview/src/client/markdown/locales.ts	ui-sidebar-documentpreview
packages/client/ui-sidebar-documentpreview/src/client/office/locales.ts	ui-sidebar-documentpreview
packages/client/ui-sidebar-documentpreview/src/client/pdf/locales.ts	ui-sidebar-documentpreview
packages/client/ui-sidebar-files/src/client/locales.ts	sidebarFiles
packages/client/ui-sidebar-right/src/client/locales.ts	sidebarRight
packages/client/ui-sidebar-terminal/src/client/locales.ts	sidebarTerminal
packages/client/ui-sidebar/src/client/locales.ts	sidebar
packages/client/ui-skill/src/client/locales.ts	skill
packages/client/ui-subagent/src/client/locales.ts	subagent
packages/client/ui-theme/src/client/locales.ts	settings.theme
packages/client/ui-trajectory/src/client/locales.ts	trajectory
packages/client/ui-user-questions/src/client/locales.ts	question
packages/client/ui-workflow-run/src/client/locales.ts	workflowRun
packages/client/ui-workspace/src/client/locales.ts	workspace
packages/experimental/client-ui-agent-team/src/client/locales.ts	agent-team
packages/experimental/client-ui-voice-input/src/client/locales.ts	voice-input
packages/extensions/ui-cordis/src/client/locales.ts	cordis
packages/session-query/session-log-export/src/client/locales.ts	session-log-download
